meshId	sourceLabel	FMA	currentClass	ontologyPath	whyPending	proposedClass	externalEvidence	reviewStatus	reviewer	reviewedAt
bp3d:FJ1252	Gingiva of upper jaw	FMA59763	UNKNOWN	anatomical entity > physical anatomical entity > material anatomical entity > anatomical structure > cardinal organ part > organ region > organ zone > gingiva > gingiva of upper jaw	no tissue-stating node anywhere in the IS-A chain; BP3D types this concept by position only			pending_review		
bp3d:FJ1253	Gingiva of lower jaw	FMA59764	UNKNOWN	anatomical entity > physical anatomical entity > material anatomical entity > anatomical structure > cardinal organ part > organ region > organ zone > gingiva > gingiva of lower jaw	no tissue-stating node anywhere in the IS-A chain; BP3D types this concept by position only			pending_review		
bp3d:FJ1285	Left choroid	FMA58300	UNKNOWN	anatomical entity > physical anatomical entity > material anatomical entity > anatomical structure > cardinal organ part > region of organ component > region of vascular layer of eyeball > choroid > left choroid	no tissue-stating node anywhere in the IS-A chain; BP3D types this concept by position only			pending_review		
bp3d:FJ1286	Left choroid	FMA58300	UNKNOWN	anatomical entity > physical anatomical entity > material anatomical entity > anatomical structure > cardinal organ part > region of organ component > region of vascular layer of eyeball > choroid > left choroid	no tissue-stating node anywhere in the IS-A chain; BP3D types this concept by position only			pending_review		
bp3d:FJ1287	Left corona ciliaris	FMA58484	UNKNOWN	anatomical entity > physical anatomical entity > material anatomical entity > anatomical structure > cardinal organ part > region of organ component > region of layer of wall of eyeball > region of ciliary body > corona ciliaris > left corona ciliaris	no tissue-stating node anywhere in the IS-A chain; BP3D types this concept by position only			pending_review		
bp3d:FJ1297	Left iris	FMA58237	UNKNOWN	anatomical entity > physical anatomical entity > material anatomical entity > anatomical structure > cardinal organ part > region of organ component > region of vascular layer of eyeball > iris > left iris	no tissue-stating node anywhere in the IS-A chain; BP3D types this concept by position only			pending_review		
bp3d:FJ1316	Optic part of left retina	FMA58608	UNKNOWN	anatomical entity > physical anatomical entity > material anatomical entity > anatomical structure > cardinal organ part > region of organ component > region of layer of wall of eyeball > region of retina > optic part of retina > optic part of left retina	no tissue-stating node anywhere in the IS-A chain; BP3D types this concept by position only			pending_review		
bp3d:FJ1331	Left vitreous body	FMA58829	UNKNOWN	anatomical entity > physical anatomical entity > material anatomical entity > anatomical structure > portion of tissue > portion of connective tissue > irregular connective tissue > loose connective tissue > mucoid tissue > vitreous body > left vitreous body	no tissue-stating node anywhere in the IS-A chain; BP3D types this concept by position only			pending_review		
bp3d:FJ1336	Right choroid	FMA58299	UNKNOWN	anatomical entity > physical anatomical entity > material anatomical entity > anatomical structure > cardinal organ part > region of organ component > region of vascular layer of eyeball > choroid > right choroid	no tissue-stating node anywhere in the IS-A chain; BP3D types this concept by position only			pending_review		
bp3d:FJ1337	Right choroid	FMA58299	UNKNOWN	anatomical entity > physical anatomical entity > material anatomical entity > anatomical structure > cardinal organ part > region of organ component > region of vascular layer of eyeball > choroid > right choroid	no tissue-stating node anywhere in the IS-A chain; BP3D types this concept by position only			pending_review		
bp3d:FJ1338	Right corona ciliaris	FMA58483	UNKNOWN	anatomical entity > physical anatomical entity > material anatomical entity > anatomical structure > cardinal organ part > region of organ component > region of layer of wall of eyeball > region of ciliary body > corona ciliaris > right corona ciliaris	no tissue-stating node anywhere in the IS-A chain; BP3D types this concept by position only			pending_review		
bp3d:FJ1348	Right iris	FMA58236	UNKNOWN	anatomical entity > physical anatomical entity > material anatomical entity > anatomical structure > cardinal organ part > region of organ component > region of vascular layer of eyeball > iris > right iris	no tissue-stating node anywhere in the IS-A chain; BP3D types this concept by position only			pending_review		
bp3d:FJ1367	Optic part of right retina	FMA58607	UNKNOWN	anatomical entity > physical anatomical entity > material anatomical entity > anatomical structure > cardinal organ part > region of organ component > region of layer of wall of eyeball > region of retina > optic part of retina > optic part of right retina	no tissue-stating node anywhere in the IS-A chain; BP3D types this concept by position only			pending_review		
bp3d:FJ1382	Right vitreous body	FMA58828	UNKNOWN	anatomical entity > physical anatomical entity > material anatomical entity > anatomical structure > portion of tissue > portion of connective tissue > irregular connective tissue > loose connective tissue > mucoid tissue > vitreous body > right vitreous body	no tissue-stating node anywhere in the IS-A chain; BP3D types this concept by position only			pending_review		
bp3d:FJ1448	Linea alba	FMA11336	UNKNOWN	anatomical entity > physical anatomical entity > material anatomical entity > anatomical structure > anatomical cluster > anatomical junction > decussation > linea alba	no tissue-stating node anywhere in the IS-A chain; BP3D types this concept by position only			pending_review		
bp3d:FJ1520M	Ascending part of left trapezius	FMA33583	UNKNOWN	anatomical entity > physical anatomical entity > material anatomical entity > anatomical structure > cardinal organ part > organ region > organ zone > ascending part of trapezius > ascending part of left trapezius	no tissue-stating node anywhere in the IS-A chain; BP3D types this concept by position only			pending_review		
bp3d:FJ1521M	Descending part of left trapezius	FMA33587	UNKNOWN	anatomical entity > physical anatomical entity > material anatomical entity > anatomical structure > cardinal organ part > organ region > organ zone > descending part of trapezius > descending part of left trapezius	no tissue-stating node anywhere in the IS-A chain; BP3D types this concept by position only			pending_review		
bp3d:FJ1730	Third ventricle	FMA78454	UNKNOWN	anatomical entity > physical anatomical entity > material anatomical entity > anatomical structure > cardinal organ part > region of organ component > region of ventricular system of neuraxis > region of ventricular system of brain > third ventricle	no tissue-stating node anywhere in the IS-A chain; BP3D types this concept by position only			pending_review		
bp3d:FJ1731	Fourth ventricle	FMA78469	UNKNOWN	anatomical entity > physical anatomical entity > material anatomical entity > anatomical structure > cardinal organ part > region of organ component > region of ventricular system of neuraxis > region of ventricular system of brain > fourth ventricle	no tissue-stating node anywhere in the IS-A chain; BP3D types this concept by position only			pending_review		
bp3d:FJ1732	Left angular gyrus	FMA72670	organ	organ segment > segment of neuraxis > segment of brain > segment of forebrain > segment of telencephalon > segment of cerebral hemisphere > gyrus of neuraxis > angular gyrus > left angular gyrus	classification "organ" rests on a distant ontology node: "organ segment" at depth 8			pending_review		
bp3d:FJ1733	Right angular gyrus	FMA72669	organ	organ segment > segment of neuraxis > segment of brain > segment of forebrain > segment of telencephalon > segment of cerebral hemisphere > gyrus of neuraxis > angular gyrus > right angular gyrus	classification "organ" rests on a distant ontology node: "organ segment" at depth 8			pending_review		
bp3d:FJ1734	Anterior commissure	FMA61961	UNKNOWN	anatomical entity > physical anatomical entity > material anatomical entity > anatomical structure > anatomical cluster > cell part cluster > cell part cluster of neuraxis > white matter of neuraxis > white matter of telencephalon > anterior commissure	no tissue-stating node anywhere in the IS-A chain; BP3D types this concept by position only			pending_review		
bp3d:FJ1735	Brachium of left superior colliculus	FMA73462	UNKNOWN	anatomical entity > physical anatomical entity > material anatomical entity > anatomical structure > anatomical cluster > cell part cluster > cell part cluster of neuraxis > white matter of neuraxis > segment of white matter of neuraxis > brachium of neuraxis > brachium of superior colliculus > brachium of left superior colliculus	no tissue-stating node anywhere in the IS-A chain; BP3D types this concept by position only			pending_review		
bp3d:FJ1736	Brachium of right superior colliculus	FMA73461	UNKNOWN	anatomical entity > physical anatomical entity > material anatomical entity > anatomical structure > anatomical cluster > cell part cluster > cell part cluster of neuraxis > white matter of neuraxis > segment of white matter of neuraxis > brachium of neuraxis > brachium of superior colliculus > brachium of right superior colliculus	no tissue-stating node anywhere in the IS-A chain; BP3D types this concept by position only			pending_review		
bp3d:FJ1737	Central canal of spinal cord	FMA78497	UNKNOWN	anatomical entity > physical anatomical entity > material anatomical entity > anatomical structure > cardinal organ part > region of organ component > region of ventricular system of neuraxis > central canal of spinal cord	no tissue-stating node anywhere in the IS-A chain; BP3D types this concept by position only			pending_review		
bp3d:FJ1738	Cerebral aqueduct	FMA78467	UNKNOWN	anatomical entity > physical anatomical entity > material anatomical entity > anatomical structure > cardinal organ part > region of organ component > region of ventricular system of neuraxis > region of ventricular system of brain > cerebral aqueduct	no tissue-stating node anywhere in the IS-A chain; BP3D types this concept by position only			pending_review		
bp3d:FJ1739	Left cingulate gyrus	FMA72718	organ	organ segment > segment of neuraxis > segment of brain > segment of forebrain > segment of telencephalon > segment of cerebral hemisphere > gyrus of neuraxis > cingulate gyrus > left cingulate gyrus	classification "organ" rests on a distant ontology node: "organ segment" at depth 8			pending_review		
bp3d:FJ1740	Right cingulate gyrus	FMA72717	organ	organ segment > segment of neuraxis > segment of brain > segment of forebrain > segment of telencephalon > segment of cerebral hemisphere > gyrus of neuraxis > cingulate gyrus > right cingulate gyrus	classification "organ" rests on a distant ontology node: "organ segment" at depth 8			pending_review		
bp3d:FJ1741	Commissure of fornix of forebrain	FMA61970	UNKNOWN	anatomical entity > physical anatomical entity > material anatomical entity > anatomical structure > anatomical cluster > cell part cluster > cell part cluster of neuraxis > commissure of neuraxis > commissure of fornix of forebrain	no tissue-stating node anywhere in the IS-A chain; BP3D types this concept by position only			pending_review		
bp3d:FJ1742	Corpus callosum	FMA86464	UNKNOWN	anatomical entity > physical anatomical entity > material anatomical entity > anatomical structure > anatomical cluster > cell part cluster > cell part cluster of neuraxis > white matter of neuraxis > white matter of telencephalon > corpus callosum	no tissue-stating node anywhere in the IS-A chain; BP3D types this concept by position only			pending_review		
bp3d:FJ1743	Habenula	FMA62032	UNKNOWN	anatomical entity > physical anatomical entity > material anatomical entity > anatomical structure > anatomical cluster > cell part cluster > cell part cluster of neuraxis > zone of neuraxis > zone of diencephalon > habenula	no tissue-stating node anywhere in the IS-A chain; BP3D types this concept by position only			pending_review		
bp3d:FJ1744	Left inferior frontal gyrus	FMA72658	organ	organ segment > segment of neuraxis > segment of brain > segment of forebrain > segment of telencephalon > segment of cerebral hemisphere > gyrus of neuraxis > inferior frontal gyrus > left inferior frontal gyrus	classification "organ" rests on a distant ontology node: "organ segment" at depth 8			pending_review		
bp3d:FJ1745	Right inferior frontal gyrus	FMA72657	organ	organ segment > segment of neuraxis > segment of brain > segment of forebrain > segment of telencephalon > segment of cerebral hemisphere > gyrus of neuraxis > inferior frontal gyrus > right inferior frontal gyrus	classification "organ" rests on a distant ontology node: "organ segment" at depth 8			pending_review		
bp3d:FJ1746	Left inferior temporal gyrus	FMA72688	organ	organ segment > segment of neuraxis > segment of brain > segment of forebrain > segment of telencephalon > segment of cerebral hemisphere > gyrus of neuraxis > inferior temporal gyrus > left inferior temporal gyrus	classification "organ" rests on a distant ontology node: "organ segment" at depth 8			pending_review		
bp3d:FJ1747	Right inferior temporal gyrus	FMA72687	organ	organ segment > segment of neuraxis > segment of brain > segment of forebrain > segment of telencephalon > segment of cerebral hemisphere > gyrus of neuraxis > inferior temporal gyrus > right inferior temporal gyrus	classification "organ" rests on a distant ontology node: "organ segment" at depth 8			pending_review		
bp3d:FJ1748	Left insula	FMA72978	organ	organ segment > segment of neuraxis > segment of brain > segment of forebrain > segment of telencephalon > segment of cerebral hemisphere > lobe of cerebral hemisphere > insula > left insula	classification "organ" rests on a distant ontology node: "organ segment" at depth 8			pending_review		
bp3d:FJ1749	Right insula	FMA72977	organ	organ segment > segment of neuraxis > segment of brain > segment of forebrain > segment of telencephalon > segment of cerebral hemisphere > lobe of cerebral hemisphere > insula > right insula	classification "organ" rests on a distant ontology node: "organ segment" at depth 8			pending_review		
bp3d:FJ1750	Left internal capsule	FMA72907	UNKNOWN	anatomical entity > physical anatomical entity > material anatomical entity > anatomical structure > anatomical cluster > cell part cluster > cell part cluster of neuraxis > white matter of neuraxis > white matter of telencephalon > region of cerebral white matter > capsule of cerebral hemisphere > internal capsule > left internal capsule	no tissue-stating node anywhere in the IS-A chain; BP3D types this concept by position only			pending_review		
bp3d:FJ1751	Right internal capsule	FMA72906	UNKNOWN	anatomical entity > physical anatomical entity > material anatomical entity > anatomical structure > anatomical cluster > cell part cluster > cell part cluster of neuraxis > white matter of neuraxis > white matter of telencephalon > region of cerebral white matter > capsule of cerebral hemisphere > internal capsule > right internal capsule	no tissue-stating node anywhere in the IS-A chain; BP3D types this concept by position only			pending_review		
bp3d:FJ1752	Interventricular foramen	FMA75351	UNKNOWN	anatomical entity > physical anatomical entity > immaterial anatomical entity > anatomical space > anatomical conduit space > interventricular foramen	no tissue-stating node anywhere in the IS-A chain; BP3D types this concept by position only			pending_review		
bp3d:FJ1753	Left amygdala	FMA72833	UNKNOWN	anatomical entity > physical anatomical entity > material anatomical entity > anatomical structure > anatomical cluster > cell part cluster > cell part cluster of neuraxis > gray matter of neuraxis > internal gray matter component > nuclear complex of neuraxis > basal ganglion of telencephalon > amygdala > left amygdala	no tissue-stating node anywhere in the IS-A chain; BP3D types this concept by position only			pending_review		
bp3d:FJ1754	Left caudate nucleus	FMA72827	UNKNOWN	anatomical entity > physical anatomical entity > material anatomical entity > anatomical structure > anatomical cluster > cell part cluster > cell part cluster of neuraxis > gray matter of neuraxis > internal gray matter component > nucleus of neuraxis > nucleus of brain > caudate nucleus > left caudate nucleus	no tissue-stating node anywhere in the IS-A chain; BP3D types this concept by position only			pending_review		
bp3d:FJ1756	Left fornix of forebrain	FMA72925	UNKNOWN	anatomical entity > physical anatomical entity > material anatomical entity > anatomical structure > anatomical cluster > cell part cluster > cell part cluster of neuraxis > white matter of neuraxis > segment of white matter of neuraxis > fornix of neuraxis > fornix of forebrain > left fornix of forebrain	no tissue-stating node anywhere in the IS-A chain; BP3D types this concept by position only			pending_review		
bp3d:FJ1757	Left globus pallidus	FMA72831	UNKNOWN	anatomical entity > physical anatomical entity > material anatomical entity > anatomical structure > anatomical cluster > cell part cluster > cell part cluster of neuraxis > gray matter of neuraxis > internal gray matter component > nucleus of neuraxis > nucleus of brain > globus pallidus > left globus pallidus	no tissue-stating node anywhere in the IS-A chain; BP3D types this concept by position only			pending_review		
bp3d:FJ1758	White matter of left cerebral hemisphere	FMA260794	UNKNOWN	anatomical entity > physical anatomical entity > material anatomical entity > anatomical structure > anatomical cluster > cell part cluster > cell part cluster of neuraxis > white matter of neuraxis > white matter of telencephalon > cerebral white matter > white matter of left cerebral hemisphere	no tissue-stating node anywhere in the IS-A chain; BP3D types this concept by position only			pending_review		
bp3d:FJ1759	Left hippocampus	FMA72714	UNKNOWN	anatomical entity > physical anatomical entity > material anatomical entity > anatomical structure > cardinal organ part > region of organ component > region of cerebral cortex > hippocampus > left hippocampus	no tissue-stating node anywhere in the IS-A chain; BP3D types this concept by position only			pending_review		
bp3d:FJ1761	Brachium of left inferior colliculus	FMA73464	UNKNOWN	anatomical entity > physical anatomical entity > material anatomical entity > anatomical structure > anatomical cluster > cell part cluster > cell part cluster of neuraxis > white matter of neuraxis > segment of white matter of neuraxis > brachium of neuraxis > brachium of inferior colliculus > brachium of left inferior colliculus	no tissue-stating node anywhere in the IS-A chain; BP3D types this concept by position only			pending_review		
bp3d:FJ1763	Interpeduncular fossa	FMA83740	UNKNOWN	anatomical entity > physical anatomical entity > immaterial anatomical entity > anatomical space > anatomical compartment space > space of compartment of head > subdivision of subarachnoid space > subarachnoid incisure > interpeduncular fossa	no tissue-stating node anywhere in the IS-A chain; BP3D types this concept by position only			pending_review		
bp3d:FJ1764	Lamina terminalis	FMA61975	UNKNOWN	anatomical entity > physical anatomical entity > material anatomical entity > anatomical structure > anatomical cluster > cell part cluster > cell part cluster of neuraxis > white matter of neuraxis > segment of white matter of neuraxis > lamina of neuraxis > lamina of cerebral hemisphere > lamina terminalis	no tissue-stating node anywhere in the IS-A chain; BP3D types this concept by position only			pending_review		
bp3d:FJ1766	Left lateral geniculate body	FMA73304	UNKNOWN	anatomical entity > physical anatomical entity > material anatomical entity > anatomical structure > anatomical cluster > cell part cluster > cell part cluster of neuraxis > gray matter of neuraxis > internal gray matter component > nucleus of neuraxis > nucleus of brain > nucleus of thalamus > lateral geniculate body > left lateral geniculate body	no tissue-stating node anywhere in the IS-A chain; BP3D types this concept by position only			pending_review		
bp3d:FJ1767	Left lateral ventricle	FMA78450	UNKNOWN	anatomical entity > physical anatomical entity > material anatomical entity > anatomical structure > cardinal organ part > region of organ component > region of ventricular system of neuraxis > region of ventricular system of brain > lateral ventricle > left lateral ventricle	no tissue-stating node anywhere in the IS-A chain; BP3D types this concept by position only			pending_review		
bp3d:FJ1768	Mammillary body	FMA74877	UNKNOWN	anatomical entity > physical anatomical entity > material anatomical entity > anatomical structure > anatomical cluster > cell part cluster > cell part cluster of neuraxis > gray matter of neuraxis > gray matter of diencephalon > gray matter of hypothalamus > mammillary body	no tissue-stating node anywhere in the IS-A chain; BP3D types this concept by position only			pending_review		
bp3d:FJ1774	Peduncle of midbrain	FMA62394	UNKNOWN	anatomical entity > physical anatomical entity > material anatomical entity > anatomical structure > anatomical cluster > cell part cluster > cell part cluster of neuraxis > white matter of neuraxis > segment of white matter of neuraxis > peduncle of neuraxis > peduncle of midbrain	no tissue-stating node anywhere in the IS-A chain; BP3D types this concept by position only			pending_review		
bp3d:FJ1775	Pons	FMA67943	UNKNOWN	anatomical entity > physical anatomical entity > material anatomical entity > anatomical structure > anatomical cluster > cell part cluster > cell part cluster of neuraxis > segment of metencephalon > pons	no tissue-stating node anywhere in the IS-A chain; BP3D types this concept by position only			pending_review		
bp3d:FJ1776	Left putamen	FMA72829	UNKNOWN	anatomical entity > physical anatomical entity > material anatomical entity > anatomical structure > anatomical cluster > cell part cluster > cell part cluster of neuraxis > gray matter of neuraxis > internal gray matter component > nucleus of neuraxis > nucleus of brain > putamen > left putamen	no tissue-stating node anywhere in the IS-A chain; BP3D types this concept by position only			pending_review		
bp3d:FJ1777	Left stria medullaris of thalamus	FMA73414	UNKNOWN	anatomical entity > physical anatomical entity > material anatomical entity > anatomical structure > anatomical cluster > cell part cluster > cell part cluster of neuraxis > white matter of neuraxis > segment of white matter of neuraxis > stria of neuraxis > stria medullaris of thalamus > left stria medullaris of thalamus	no tissue-stating node anywhere in the IS-A chain; BP3D types this concept by position only			pending_review		
bp3d:FJ1778	Left stria terminalis	FMA72940	UNKNOWN	anatomical entity > physical anatomical entity > material anatomical entity > anatomical structure > anatomical cluster > cell part cluster > cell part cluster of neuraxis > white matter of neuraxis > segment of white matter of neuraxis > stria of neuraxis > stria of telencephalon > stria terminalis > left stria terminalis	no tissue-stating node anywhere in the IS-A chain; BP3D types this concept by position only			pending_review		
bp3d:FJ1780	Tuber cinereum	FMA62327	UNKNOWN	anatomical entity > physical anatomical entity > material anatomical entity > anatomical structure > anatomical cluster > cell part cluster > cell part cluster of neuraxis > zone of neuraxis > zone of diencephalon > tuber cinereum	no tissue-stating node anywhere in the IS-A chain; BP3D types this concept by position only			pending_review		
bp3d:FJ1783	Left fusiform gyrus	FMA72690	organ	organ segment > segment of neuraxis > segment of brain > segment of forebrain > segment of telencephalon > segment of cerebral hemisphere > gyrus of neuraxis > fusiform gyrus > left fusiform gyrus	classification "organ" rests on a distant ontology node: "organ segment" at depth 8			pending_review		
bp3d:FJ1784	Right fusiform gyrus	FMA72689	organ	organ segment > segment of neuraxis > segment of brain > segment of forebrain > segment of telencephalon > segment of cerebral hemisphere > gyrus of neuraxis > fusiform gyrus > right fusiform gyrus	classification "organ" rests on a distant ontology node: "organ segment" at depth 8			pending_review		
bp3d:FJ1785	Left parahippocampal gyrus	FMA72706	organ	organ segment > segment of neuraxis > segment of brain > segment of forebrain > segment of telencephalon > segment of cerebral hemisphere > gyrus of neuraxis > parahippocampal gyrus > left parahippocampal gyrus	classification "organ" rests on a distant ontology node: "organ segment" at depth 8			pending_review		
bp3d:FJ1786	Right parahippocampal gyrus	FMA72705	organ	organ segment > segment of neuraxis > segment of brain > segment of forebrain > segment of telencephalon > segment of cerebral hemisphere > gyrus of neuraxis > parahippocampal gyrus > right parahippocampal gyrus	classification "organ" rests on a distant ontology node: "organ segment" at depth 8			pending_review		
bp3d:FJ1787	Left middle frontal gyrus	FMA72656	organ	organ segment > segment of neuraxis > segment of brain > segment of forebrain > segment of telencephalon > segment of cerebral hemisphere > gyrus of neuraxis > middle frontal gyrus > left middle frontal gyrus	classification "organ" rests on a distant ontology node: "organ segment" at depth 8			pending_review		
bp3d:FJ1788	Right middle frontal gyrus	FMA72655	organ	organ segment > segment of neuraxis > segment of brain > segment of forebrain > segment of telencephalon > segment of cerebral hemisphere > gyrus of neuraxis > middle frontal gyrus > right middle frontal gyrus	classification "organ" rests on a distant ontology node: "organ segment" at depth 8			pending_review		
bp3d:FJ1789	Left middle temporal gyrus	FMA72686	organ	organ segment > segment of neuraxis > segment of brain > segment of forebrain > segment of telencephalon > segment of cerebral hemisphere > gyrus of neuraxis > middle temporal gyrus > left middle temporal gyrus	classification "organ" rests on a distant ontology node: "organ segment" at depth 8			pending_review		
bp3d:FJ1790	Right middle temporal gyrus	FMA72685	organ	organ segment > segment of neuraxis > segment of brain > segment of forebrain > segment of telencephalon > segment of cerebral hemisphere > gyrus of neuraxis > middle temporal gyrus > right middle temporal gyrus	classification "organ" rests on a distant ontology node: "organ segment" at depth 8			pending_review		
bp3d:FJ1791	Left occipital lobe	FMA72976	organ	organ segment > segment of neuraxis > segment of brain > segment of forebrain > segment of telencephalon > segment of cerebral hemisphere > lobe of cerebral hemisphere > occipital lobe > left occipital lobe	classification "organ" rests on a distant ontology node: "organ segment" at depth 8			pending_review		
bp3d:FJ1792	Right occipital lobe	FMA72975	organ	organ segment > segment of neuraxis > segment of brain > segment of forebrain > segment of telencephalon > segment of cerebral hemisphere > lobe of cerebral hemisphere > occipital lobe > right occipital lobe	classification "organ" rests on a distant ontology node: "organ segment" at depth 8			pending_review		
bp3d:FJ1793	Orbital gyrus	FMA256194	organ	organ segment > segment of neuraxis > segment of brain > segment of forebrain > segment of telencephalon > segment of cerebral hemisphere > gyrus of neuraxis > orbital gyrus	classification "organ" rests on a distant ontology node: "organ segment" at depth 7			pending_review		
bp3d:FJ1794	Orbital gyrus	FMA256194	organ	organ segment > segment of neuraxis > segment of brain > segment of forebrain > segment of telencephalon > segment of cerebral hemisphere > gyrus of neuraxis > orbital gyrus	classification "organ" rests on a distant ontology node: "organ segment" at depth 7			pending_review		
bp3d:FJ1797	Left postcentral gyrus	FMA72666	organ	organ segment > segment of neuraxis > segment of brain > segment of forebrain > segment of telencephalon > segment of cerebral hemisphere > gyrus of neuraxis > postcentral gyrus > left postcentral gyrus	classification "organ" rests on a distant ontology node: "organ segment" at depth 8			pending_review		
bp3d:FJ1798	Right postcentral gyrus	FMA72665	organ	organ segment > segment of neuraxis > segment of brain > segment of forebrain > segment of telencephalon > segment of cerebral hemisphere > gyrus of neuraxis > postcentral gyrus > right postcentral gyrus	classification "organ" rests on a distant ontology node: "organ segment" at depth 8			pending_review		
bp3d:FJ1799	Posterior commissure	FMA62072	UNKNOWN	anatomical entity > physical anatomical entity > material anatomical entity > anatomical structure > anatomical cluster > cell part cluster > cell part cluster of neuraxis > commissure of neuraxis > commissure of diencephalon > posterior commissure	no tissue-stating node anywhere in the IS-A chain; BP3D types this concept by position only			pending_review		
bp3d:FJ1800	Left precentral gyrus	FMA72662	organ	organ segment > segment of neuraxis > segment of brain > segment of forebrain > segment of telencephalon > segment of cerebral hemisphere > gyrus of neuraxis > precentral gyrus > left precentral gyrus	classification "organ" rests on a distant ontology node: "organ segment" at depth 8			pending_review		
bp3d:FJ1801	Right precentral gyrus	FMA72661	organ	organ segment > segment of neuraxis > segment of brain > segment of forebrain > segment of telencephalon > segment of cerebral hemisphere > gyrus of neuraxis > precentral gyrus > right precentral gyrus	classification "organ" rests on a distant ontology node: "organ segment" at depth 8			pending_review		
bp3d:FJ1802	Right caudate nucleus	FMA72826	UNKNOWN	anatomical entity > physical anatomical entity > material anatomical entity > anatomical structure > anatomical cluster > cell part cluster > cell part cluster of neuraxis > gray matter of neuraxis > internal gray matter component > nucleus of neuraxis > nucleus of brain > caudate nucleus > right caudate nucleus	no tissue-stating node anywhere in the IS-A chain; BP3D types this concept by position only			pending_review		
bp3d:FJ1804	Right fornix of forebrain	FMA72924	UNKNOWN	anatomical entity > physical anatomical entity > material anatomical entity > anatomical structure > anatomical cluster > cell part cluster > cell part cluster of neuraxis > white matter of neuraxis > segment of white matter of neuraxis > fornix of neuraxis > fornix of forebrain > right fornix of forebrain	no tissue-stating node anywhere in the IS-A chain; BP3D types this concept by position only			pending_review		
bp3d:FJ1805	Right globus pallidus	FMA72830	UNKNOWN	anatomical entity > physical anatomical entity > material anatomical entity > anatomical structure > anatomical cluster > cell part cluster > cell part cluster of neuraxis > gray matter of neuraxis > internal gray matter component > nucleus of neuraxis > nucleus of brain > globus pallidus > right globus pallidus	no tissue-stating node anywhere in the IS-A chain; BP3D types this concept by position only			pending_review		
bp3d:FJ1806	White matter of right cerebral hemisphere	FMA260791	UNKNOWN	anatomical entity > physical anatomical entity > material anatomical entity > anatomical structure > anatomical cluster > cell part cluster > cell part cluster of neuraxis > white matter of neuraxis > white matter of telencephalon > cerebral white matter > white matter of right cerebral hemisphere	no tissue-stating node anywhere in the IS-A chain; BP3D types this concept by position only			pending_review		
bp3d:FJ1807	Right hippocampus	FMA72713	UNKNOWN	anatomical entity > physical anatomical entity > material anatomical entity > anatomical structure > cardinal organ part > region of organ component > region of cerebral cortex > hippocampus > right hippocampus	no tissue-stating node anywhere in the IS-A chain; BP3D types this concept by position only			pending_review		
bp3d:FJ1809	Brachium of right inferior colliculus	FMA73463	UNKNOWN	anatomical entity > physical anatomical entity > material anatomical entity > anatomical structure > anatomical cluster > cell part cluster > cell part cluster of neuraxis > white matter of neuraxis > segment of white matter of neuraxis > brachium of neuraxis > brachium of inferior colliculus > brachium of right inferior colliculus	no tissue-stating node anywhere in the IS-A chain; BP3D types this concept by position only			pending_review		
bp3d:FJ1811	Interpeduncular fossa	FMA83740	UNKNOWN	anatomical entity > physical anatomical entity > immaterial anatomical entity > anatomical space > anatomical compartment space > space of compartment of head > subdivision of subarachnoid space > subarachnoid incisure > interpeduncular fossa	no tissue-stating node anywhere in the IS-A chain; BP3D types this concept by position only			pending_review		
bp3d:FJ1812	Lamina terminalis	FMA61975	UNKNOWN	anatomical entity > physical anatomical entity > material anatomical entity > anatomical structure > anatomical cluster > cell part cluster > cell part cluster of neuraxis > white matter of neuraxis > segment of white matter of neuraxis > lamina of neuraxis > lamina of cerebral hemisphere > lamina terminalis	no tissue-stating node anywhere in the IS-A chain; BP3D types this concept by position only			pending_review		
bp3d:FJ1813	Right lateral geniculate body	FMA73303	UNKNOWN	anatomical entity > physical anatomical entity > material anatomical entity > anatomical structure > anatomical cluster > cell part cluster > cell part cluster of neuraxis > gray matter of neuraxis > internal gray matter component > nucleus of neuraxis > nucleus of brain > nucleus of thalamus > lateral geniculate body > right lateral geniculate body	no tissue-stating node anywhere in the IS-A chain; BP3D types this concept by position only			pending_review		
bp3d:FJ1814	Right lateral ventricle	FMA78449	UNKNOWN	anatomical entity > physical anatomical entity > material anatomical entity > anatomical structure > cardinal organ part > region of organ component > region of ventricular system of neuraxis > region of ventricular system of brain > lateral ventricle > right lateral ventricle	no tissue-stating node anywhere in the IS-A chain; BP3D types this concept by position only			pending_review		
bp3d:FJ1815	Mammillary body	FMA74877	UNKNOWN	anatomical entity > physical anatomical entity > material anatomical entity > anatomical structure > anatomical cluster > cell part cluster > cell part cluster of neuraxis > gray matter of neuraxis > gray matter of diencephalon > gray matter of hypothalamus > mammillary body	no tissue-stating node anywhere in the IS-A chain; BP3D types this concept by position only			pending_review		
bp3d:FJ1816	Right medial geniculate body	FMA73309	UNKNOWN	anatomical entity > physical anatomical entity > material anatomical entity > anatomical structure > anatomical cluster > cell part cluster > cell part cluster of neuraxis > gray matter of neuraxis > internal gray matter component > nucleus of neuraxis > nucleus of brain > nucleus of thalamus > medial geniculate body > right medial geniculate body	no tissue-stating node anywhere in the IS-A chain; BP3D types this concept by position only			pending_review		
bp3d:FJ1816M	Left medial geniculate body	FMA73310	UNKNOWN	anatomical entity > physical anatomical entity > material anatomical entity > anatomical structure > anatomical cluster > cell part cluster > cell part cluster of neuraxis > gray matter of neuraxis > internal gray matter component > nucleus of neuraxis > nucleus of brain > nucleus of thalamus > medial geniculate body > left medial geniculate body	no tissue-stating node anywhere in the IS-A chain; BP3D types this concept by position only			pending_review		
bp3d:FJ1821	Peduncle of midbrain	FMA62394	UNKNOWN	anatomical entity > physical anatomical entity > material anatomical entity > anatomical structure > anatomical cluster > cell part cluster > cell part cluster of neuraxis > white matter of neuraxis > segment of white matter of neuraxis > peduncle of neuraxis > peduncle of midbrain	no tissue-stating node anywhere in the IS-A chain; BP3D types this concept by position only			pending_review		
bp3d:FJ1822	Pons	FMA67943	UNKNOWN	anatomical entity > physical anatomical entity > material anatomical entity > anatomical structure > anatomical cluster > cell part cluster > cell part cluster of neuraxis > segment of metencephalon > pons	no tissue-stating node anywhere in the IS-A chain; BP3D types this concept by position only			pending_review		
bp3d:FJ1823	Right putamen	FMA72828	UNKNOWN	anatomical entity > physical anatomical entity > material anatomical entity > anatomical structure > anatomical cluster > cell part cluster > cell part cluster of neuraxis > gray matter of neuraxis > internal gray matter component > nucleus of neuraxis > nucleus of brain > putamen > right putamen	no tissue-stating node anywhere in the IS-A chain; BP3D types this concept by position only			pending_review		
bp3d:FJ1824	Right stria medullaris of thalamus	FMA73413	UNKNOWN	anatomical entity > physical anatomical entity > material anatomical entity > anatomical structure > anatomical cluster > cell part cluster > cell part cluster of neuraxis > white matter of neuraxis > segment of white matter of neuraxis > stria of neuraxis > stria medullaris of thalamus > right stria medullaris of thalamus	no tissue-stating node anywhere in the IS-A chain; BP3D types this concept by position only			pending_review		
bp3d:FJ1825	Stria terminalis	FMA61974	UNKNOWN	anatomical entity > physical anatomical entity > material anatomical entity > anatomical structure > anatomical cluster > cell part cluster > cell part cluster of neuraxis > white matter of neuraxis > segment of white matter of neuraxis > stria of neuraxis > stria of telencephalon > stria terminalis	no tissue-stating node anywhere in the IS-A chain; BP3D types this concept by position only			pending_review		
bp3d:FJ1828	Tuber cinereum	FMA62327	UNKNOWN	anatomical entity > physical anatomical entity > material anatomical entity > anatomical structure > anatomical cluster > cell part cluster > cell part cluster of neuraxis > zone of neuraxis > zone of diencephalon > tuber cinereum	no tissue-stating node anywhere in the IS-A chain; BP3D types this concept by position only			pending_review		
bp3d:FJ1829	Right amygdala	FMA72832	UNKNOWN	anatomical entity > physical anatomical entity > material anatomical entity > anatomical structure > anatomical cluster > cell part cluster > cell part cluster of neuraxis > gray matter of neuraxis > internal gray matter component > nuclear complex of neuraxis > basal ganglion of telencephalon > amygdala > right amygdala	no tissue-stating node anywhere in the IS-A chain; BP3D types this concept by position only			pending_review		
bp3d:FJ1832	Septum of telencephalon	FMA61842	UNKNOWN	anatomical entity > physical anatomical entity > material anatomical entity > anatomical structure > anatomical cluster > cell part cluster > cell part cluster of neuraxis > septum of neuraxis > septum of telencephalon	no tissue-stating node anywhere in the IS-A chain; BP3D types this concept by position only			pending_review		
bp3d:FJ1833	Left superior frontal gyrus	FMA72654	organ	organ segment > segment of neuraxis > segment of brain > segment of forebrain > segment of telencephalon > segment of cerebral hemisphere > gyrus of neuraxis > superior frontal gyrus > left superior frontal gyrus	classification "organ" rests on a distant ontology node: "organ segment" at depth 8			pending_review		
bp3d:FJ1834	Right superior frontal gyrus	FMA72653	organ	organ segment > segment of neuraxis > segment of brain > segment of forebrain > segment of telencephalon > segment of cerebral hemisphere > gyrus of neuraxis > superior frontal gyrus > right superior frontal gyrus	classification "organ" rests on a distant ontology node: "organ segment" at depth 8			pending_review		
bp3d:FJ1835	Left superior parietal lobule	FMA72672	organ	organ segment > segment of neuraxis > segment of brain > segment of forebrain > segment of telencephalon > segment of cerebral hemisphere > lobule of cerebral hemisphere > superior parietal lobule > left superior parietal lobule	classification "organ" rests on a distant ontology node: "organ segment" at depth 8			pending_review		
bp3d:FJ1836	Right superior parietal lobule	FMA72671	organ	organ segment > segment of neuraxis > segment of brain > segment of forebrain > segment of telencephalon > segment of cerebral hemisphere > lobule of cerebral hemisphere > superior parietal lobule > right superior parietal lobule	classification "organ" rests on a distant ontology node: "organ segment" at depth 8			pending_review		
bp3d:FJ1837	Anterior part of left superior temporal gyrus	FMA72801	organ	organ segment > segment of neuraxis > segment of brain > segment of forebrain > segment of telencephalon > segment of cerebral hemisphere > segment of gyrus of cerebral hemisphere > subdivision of superior temporal gyrus > anterior part of superior temporal gyrus > anterior part of left superior temporal gyrus	classification "organ" rests on a distant ontology node: "organ segment" at depth 9			pending_review		
bp3d:FJ1838	Anterior part of right superior temporal gyrus	FMA72800	organ	organ segment > segment of neuraxis > segment of brain > segment of forebrain > segment of telencephalon > segment of cerebral hemisphere > segment of gyrus of cerebral hemisphere > subdivision of superior temporal gyrus > anterior part of superior temporal gyrus > anterior part of right superior temporal gyrus	classification "organ" rests on a distant ontology node: "organ segment" at depth 9			pending_review		
bp3d:FJ1839	Posterior part of left superior temporal gyrus	FMA72805	organ	organ segment > segment of neuraxis > segment of brain > segment of forebrain > segment of telencephalon > segment of cerebral hemisphere > segment of gyrus of cerebral hemisphere > subdivision of superior temporal gyrus > posterior part of superior temporal gyrus > posterior part of left superior temporal gyrus	classification "organ" rests on a distant ontology node: "organ segment" at depth 9			pending_review		
bp3d:FJ1840	Posterior part of right superior temporal gyrus	FMA72804	organ	organ segment > segment of neuraxis > segment of brain > segment of forebrain > segment of telencephalon > segment of cerebral hemisphere > segment of gyrus of cerebral hemisphere > subdivision of superior temporal gyrus > posterior part of superior temporal gyrus > posterior part of right superior temporal gyrus	classification "organ" rests on a distant ontology node: "organ segment" at depth 9			pending_review		
bp3d:FJ1841	Left supramarginal gyrus	FMA72668	organ	organ segment > segment of neuraxis > segment of brain > segment of forebrain > segment of telencephalon > segment of cerebral hemisphere > gyrus of neuraxis > supramarginal gyrus > left supramarginal gyrus	classification "organ" rests on a distant ontology node: "organ segment" at depth 8			pending_review		
bp3d:FJ1842	Right supramarginal gyrus	FMA72667	organ	organ segment > segment of neuraxis > segment of brain > segment of forebrain > segment of telencephalon > segment of cerebral hemisphere > gyrus of neuraxis > supramarginal gyrus > right supramarginal gyrus	classification "organ" rests on a distant ontology node: "organ segment" at depth 8			pending_review		
bp3d:FJ1843	Tentorium cerebelli	FMA83966	UNKNOWN	anatomical entity > physical anatomical entity > material anatomical entity > anatomical structure > cardinal organ part > region of organ component > region of dura mater > subdivision of cranial dura mater > tentorium cerebelli	no tissue-stating node anywhere in the IS-A chain; BP3D types this concept by position only			pending_review		
bp3d:FJ2422	Cavity of left ventricle	FMA9466	UNKNOWN	anatomical entity > physical anatomical entity > immaterial anatomical entity > anatomical space > anatomical cavity > cavity of organ part > cavity of cardiac chamber > cavity of ventricle > cavity of left ventricle	no tissue-stating node anywhere in the IS-A chain; BP3D types this concept by position only			pending_review		
bp3d:FJ2423	Cavity of right ventricle	FMA9291	UNKNOWN	anatomical entity > physical anatomical entity > immaterial anatomical entity > anatomical space > anatomical cavity > cavity of organ part > cavity of cardiac chamber > cavity of ventricle > cavity of right ventricle	no tissue-stating node anywhere in the IS-A chain; BP3D types this concept by position only			pending_review		
bp3d:FJ2424	Cavity of right atrium	FMA11359	UNKNOWN	anatomical entity > physical anatomical entity > immaterial anatomical entity > anatomical space > anatomical cavity > cavity of organ part > cavity of cardiac chamber > cavity of atrium > cavity of right atrium	no tissue-stating node anywhere in the IS-A chain; BP3D types this concept by position only			pending_review		
bp3d:FJ2425	Cavity of left atrium	FMA9465	UNKNOWN	anatomical entity > physical anatomical entity > immaterial anatomical entity > anatomical space > anatomical cavity > cavity of organ part > cavity of cardiac chamber > cavity of atrium > cavity of left atrium	no tissue-stating node anywhere in the IS-A chain; BP3D types this concept by position only			pending_review		
bp3d:FJ2428	Wall of ventricle	FMA13884	UNKNOWN	anatomical entity > physical anatomical entity > material anatomical entity > anatomical structure > cardinal organ part > region of organ component > region of wall of heart > wall of cardiac chamber > wall of ventricle	no tissue-stating node anywhere in the IS-A chain; BP3D types this concept by position only			pending_review		
bp3d:FJ2438	Wall of left atrium	FMA9531	UNKNOWN	anatomical entity > physical anatomical entity > material anatomical entity > anatomical structure > cardinal organ part > region of organ component > region of wall of heart > wall of cardiac chamber > wall of atrium > wall of left atrium	no tissue-stating node anywhere in the IS-A chain; BP3D types this concept by position only			pending_review		
bp3d:FJ2439	Wall of right atrium	FMA9457	UNKNOWN	anatomical entity > physical anatomical entity > material anatomical entity > anatomical structure > cardinal organ part > region of organ component > region of wall of heart > wall of cardiac chamber > wall of atrium > wall of right atrium	no tissue-stating node anywhere in the IS-A chain; BP3D types this concept by position only			pending_review		
bp3d:FJ2574	Proximal part of ileum	FMA14964	UNKNOWN	anatomical entity > physical anatomical entity > material anatomical entity > anatomical structure > cardinal organ part > organ region > organ zone > zone of small intestine > zone of ileum > proximal part of ileum	no tissue-stating node anywhere in the IS-A chain; BP3D types this concept by position only			pending_review		
bp3d:FJ2575	Proximal part of ileum	FMA14964	UNKNOWN	anatomical entity > physical anatomical entity > material anatomical entity > anatomical structure > cardinal organ part > organ region > organ zone > zone of small intestine > zone of ileum > proximal part of ileum	no tissue-stating node anywhere in the IS-A chain; BP3D types this concept by position only			pending_review		
bp3d:FJ2576	Middle part of ileum	FMA14965	UNKNOWN	anatomical entity > physical anatomical entity > material anatomical entity > anatomical structure > cardinal organ part > organ region > organ zone > zone of small intestine > zone of ileum > middle part of ileum	no tissue-stating node anywhere in the IS-A chain; BP3D types this concept by position only			pending_review		
bp3d:FJ2577	Middle part of ileum	FMA14965	UNKNOWN	anatomical entity > physical anatomical entity > material anatomical entity > anatomical structure > cardinal organ part > organ region > organ zone > zone of small intestine > zone of ileum > middle part of ileum	no tissue-stating node anywhere in the IS-A chain; BP3D types this concept by position only			pending_review		
bp3d:FJ2578	Middle part of ileum	FMA14965	UNKNOWN	anatomical entity > physical anatomical entity > material anatomical entity > anatomical structure > cardinal organ part > organ region > organ zone > zone of small intestine > zone of ileum > middle part of ileum	no tissue-stating node anywhere in the IS-A chain; BP3D types this concept by position only			pending_review		
bp3d:FJ2579	Middle part of ileum	FMA14965	UNKNOWN	anatomical entity > physical anatomical entity > material anatomical entity > anatomical structure > cardinal organ part > organ region > organ zone > zone of small intestine > zone of ileum > middle part of ileum	no tissue-stating node anywhere in the IS-A chain; BP3D types this concept by position only			pending_review		
bp3d:FJ2580	Middle part of ileum	FMA14965	UNKNOWN	anatomical entity > physical anatomical entity > material anatomical entity > anatomical structure > cardinal organ part > organ region > organ zone > zone of small intestine > zone of ileum > middle part of ileum	no tissue-stating node anywhere in the IS-A chain; BP3D types this concept by position only			pending_review		
bp3d:FJ2581	Middle part of ileum	FMA14965	UNKNOWN	anatomical entity > physical anatomical entity > material anatomical entity > anatomical structure > cardinal organ part > organ region > organ zone > zone of small intestine > zone of ileum > middle part of ileum	no tissue-stating node anywhere in the IS-A chain; BP3D types this concept by position only			pending_review		
bp3d:FJ2582	Middle part of ileum	FMA14965	UNKNOWN	anatomical entity > physical anatomical entity > material anatomical entity > anatomical structure > cardinal organ part > organ region > organ zone > zone of small intestine > zone of ileum > middle part of ileum	no tissue-stating node anywhere in the IS-A chain; BP3D types this concept by position only			pending_review		
bp3d:FJ2583	Middle part of ileum	FMA14965	UNKNOWN	anatomical entity > physical anatomical entity > material anatomical entity > anatomical structure > cardinal organ part > organ region > organ zone > zone of small intestine > zone of ileum > middle part of ileum	no tissue-stating node anywhere in the IS-A chain; BP3D types this concept by position only			pending_review		
bp3d:FJ2584	Middle part of ileum	FMA14965	UNKNOWN	anatomical entity > physical anatomical entity > material anatomical entity > anatomical structure > cardinal organ part > organ region > organ zone > zone of small intestine > zone of ileum > middle part of ileum	no tissue-stating node anywhere in the IS-A chain; BP3D types this concept by position only			pending_review		
bp3d:FJ2585	Proximal part of ileum	FMA14964	UNKNOWN	anatomical entity > physical anatomical entity > material anatomical entity > anatomical structure > cardinal organ part > organ region > organ zone > zone of small intestine > zone of ileum > proximal part of ileum	no tissue-stating node anywhere in the IS-A chain; BP3D types this concept by position only			pending_review		
bp3d:FJ2586	Middle part of ileum	FMA14965	UNKNOWN	anatomical entity > physical anatomical entity > material anatomical entity > anatomical structure > cardinal organ part > organ region > organ zone > zone of small intestine > zone of ileum > middle part of ileum	no tissue-stating node anywhere in the IS-A chain; BP3D types this concept by position only			pending_review		
bp3d:FJ2587	Distal part of ileum	FMA14966	UNKNOWN	anatomical entity > physical anatomical entity > material anatomical entity > anatomical structure > cardinal organ part > organ region > organ zone > zone of small intestine > zone of ileum > distal part of ileum	no tissue-stating node anywhere in the IS-A chain; BP3D types this concept by position only			pending_review		
bp3d:FJ2588	Distal part of ileum	FMA14966	UNKNOWN	anatomical entity > physical anatomical entity > material anatomical entity > anatomical structure > cardinal organ part > organ region > organ zone > zone of small intestine > zone of ileum > distal part of ileum	no tissue-stating node anywhere in the IS-A chain; BP3D types this concept by position only			pending_review		
bp3d:FJ2589	Distal part of ileum	FMA14966	UNKNOWN	anatomical entity > physical anatomical entity > material anatomical entity > anatomical structure > cardinal organ part > organ region > organ zone > zone of small intestine > zone of ileum > distal part of ileum	no tissue-stating node anywhere in the IS-A chain; BP3D types this concept by position only			pending_review		
bp3d:FJ2590	Distal part of ileum	FMA14966	UNKNOWN	anatomical entity > physical anatomical entity > material anatomical entity > anatomical structure > cardinal organ part > organ region > organ zone > zone of small intestine > zone of ileum > distal part of ileum	no tissue-stating node anywhere in the IS-A chain; BP3D types this concept by position only			pending_review		
bp3d:FJ2591	Distal part of ileum	FMA14966	UNKNOWN	anatomical entity > physical anatomical entity > material anatomical entity > anatomical structure > cardinal organ part > organ region > organ zone > zone of small intestine > zone of ileum > distal part of ileum	no tissue-stating node anywhere in the IS-A chain; BP3D types this concept by position only			pending_review		
bp3d:FJ2592	Distal part of ileum	FMA14966	UNKNOWN	anatomical entity > physical anatomical entity > material anatomical entity > anatomical structure > cardinal organ part > organ region > organ zone > zone of small intestine > zone of ileum > distal part of ileum	no tissue-stating node anywhere in the IS-A chain; BP3D types this concept by position only			pending_review		
bp3d:FJ2593	Distal part of ileum	FMA14966	UNKNOWN	anatomical entity > physical anatomical entity > material anatomical entity > anatomical structure > cardinal organ part > organ region > organ zone > zone of small intestine > zone of ileum > distal part of ileum	no tissue-stating node anywhere in the IS-A chain; BP3D types this concept by position only			pending_review		
bp3d:FJ2594	Distal part of ileum	FMA14966	UNKNOWN	anatomical entity > physical anatomical entity > material anatomical entity > anatomical structure > cardinal organ part > organ region > organ zone > zone of small intestine > zone of ileum > distal part of ileum	no tissue-stating node anywhere in the IS-A chain; BP3D types this concept by position only			pending_review		
bp3d:FJ2595	Distal part of ileum	FMA14966	UNKNOWN	anatomical entity > physical anatomical entity > material anatomical entity > anatomical structure > cardinal organ part > organ region > organ zone > zone of small intestine > zone of ileum > distal part of ileum	no tissue-stating node anywhere in the IS-A chain; BP3D types this concept by position only			pending_review		
bp3d:FJ2596	Proximal part of ileum	FMA14964	UNKNOWN	anatomical entity > physical anatomical entity > material anatomical entity > anatomical structure > cardinal organ part > organ region > organ zone > zone of small intestine > zone of ileum > proximal part of ileum	no tissue-stating node anywhere in the IS-A chain; BP3D types this concept by position only			pending_review		
bp3d:FJ2597	Distal part of ileum	FMA14966	UNKNOWN	anatomical entity > physical anatomical entity > material anatomical entity > anatomical structure > cardinal organ part > organ region > organ zone > zone of small intestine > zone of ileum > distal part of ileum	no tissue-stating node anywhere in the IS-A chain; BP3D types this concept by position only			pending_review		
bp3d:FJ2598	Distal part of ileum	FMA14966	UNKNOWN	anatomical entity > physical anatomical entity > material anatomical entity > anatomical structure > cardinal organ part > organ region > organ zone > zone of small intestine > zone of ileum > distal part of ileum	no tissue-stating node anywhere in the IS-A chain; BP3D types this concept by position only			pending_review		
bp3d:FJ2599	Ileocecal junction	FMA11338	UNKNOWN	anatomical entity > physical anatomical entity > material anatomical entity > anatomical structure > anatomical cluster > anatomical junction > zone of continuity > ileocecal junction	no tissue-stating node anywhere in the IS-A chain; BP3D types this concept by position only			pending_review		
bp3d:FJ2600	Proximal part of ileum	FMA14964	UNKNOWN	anatomical entity > physical anatomical entity > material anatomical entity > anatomical structure > cardinal organ part > organ region > organ zone > zone of small intestine > zone of ileum > proximal part of ileum	no tissue-stating node anywhere in the IS-A chain; BP3D types this concept by position only			pending_review		
bp3d:FJ2601	Proximal part of ileum	FMA14964	UNKNOWN	anatomical entity > physical anatomical entity > material anatomical entity > anatomical structure > cardinal organ part > organ region > organ zone > zone of small intestine > zone of ileum > proximal part of ileum	no tissue-stating node anywhere in the IS-A chain; BP3D types this concept by position only			pending_review		
bp3d:FJ2602	Proximal part of ileum	FMA14964	UNKNOWN	anatomical entity > physical anatomical entity > material anatomical entity > anatomical structure > cardinal organ part > organ region > organ zone > zone of small intestine > zone of ileum > proximal part of ileum	no tissue-stating node anywhere in the IS-A chain; BP3D types this concept by position only			pending_review		
bp3d:FJ2603	Proximal part of ileum	FMA14964	UNKNOWN	anatomical entity > physical anatomical entity > material anatomical entity > anatomical structure > cardinal organ part > organ region > organ zone > zone of small intestine > zone of ileum > proximal part of ileum	no tissue-stating node anywhere in the IS-A chain; BP3D types this concept by position only			pending_review		
bp3d:FJ2604	Proximal part of ileum	FMA14964	UNKNOWN	anatomical entity > physical anatomical entity > material anatomical entity > anatomical structure > cardinal organ part > organ region > organ zone > zone of small intestine > zone of ileum > proximal part of ileum	no tissue-stating node anywhere in the IS-A chain; BP3D types this concept by position only			pending_review		
bp3d:FJ2605	Proximal part of ileum	FMA14964	UNKNOWN	anatomical entity > physical anatomical entity > material anatomical entity > anatomical structure > cardinal organ part > organ region > organ zone > zone of small intestine > zone of ileum > proximal part of ileum	no tissue-stating node anywhere in the IS-A chain; BP3D types this concept by position only			pending_review		
bp3d:FJ2606	Proximal part of jejunum	FMA16981	UNKNOWN	anatomical entity > physical anatomical entity > material anatomical entity > anatomical structure > cardinal organ part > organ region > organ zone > zone of small intestine > zone of jejunum > proximal part of jejunum	no tissue-stating node anywhere in the IS-A chain; BP3D types this concept by position only			pending_review		
bp3d:FJ2607	Middle part of jejunum	FMA16982	UNKNOWN	anatomical entity > physical anatomical entity > material anatomical entity > anatomical structure > cardinal organ part > organ region > organ zone > zone of small intestine > zone of jejunum > middle part of jejunum	no tissue-stating node anywhere in the IS-A chain; BP3D types this concept by position only			pending_review		
bp3d:FJ2608	Middle part of jejunum	FMA16982	UNKNOWN	anatomical entity > physical anatomical entity > material anatomical entity > anatomical structure > cardinal organ part > organ region > organ zone > zone of small intestine > zone of jejunum > middle part of jejunum	no tissue-stating node anywhere in the IS-A chain; BP3D types this concept by position only			pending_review		
bp3d:FJ2609	Middle part of jejunum	FMA16982	UNKNOWN	anatomical entity > physical anatomical entity > material anatomical entity > anatomical structure > cardinal organ part > organ region > organ zone > zone of small intestine > zone of jejunum > middle part of jejunum	no tissue-stating node anywhere in the IS-A chain; BP3D types this concept by position only			pending_review		
bp3d:FJ2610	Middle part of jejunum	FMA16982	UNKNOWN	anatomical entity > physical anatomical entity > material anatomical entity > anatomical structure > cardinal organ part > organ region > organ zone > zone of small intestine > zone of jejunum > middle part of jejunum	no tissue-stating node anywhere in the IS-A chain; BP3D types this concept by position only			pending_review		
bp3d:FJ2611	Distal part of jejunum	FMA16983	UNKNOWN	anatomical entity > physical anatomical entity > material anatomical entity > anatomical structure > cardinal organ part > organ region > organ zone > zone of small intestine > zone of jejunum > distal part of jejunum	no tissue-stating node anywhere in the IS-A chain; BP3D types this concept by position only			pending_review		
bp3d:FJ2612	Distal part of jejunum	FMA16983	UNKNOWN	anatomical entity > physical anatomical entity > material anatomical entity > anatomical structure > cardinal organ part > organ region > organ zone > zone of small intestine > zone of jejunum > distal part of jejunum	no tissue-stating node anywhere in the IS-A chain; BP3D types this concept by position only			pending_review		
bp3d:FJ2613	Distal part of jejunum	FMA16983	UNKNOWN	anatomical entity > physical anatomical entity > material anatomical entity > anatomical structure > cardinal organ part > organ region > organ zone > zone of small intestine > zone of jejunum > distal part of jejunum	no tissue-stating node anywhere in the IS-A chain; BP3D types this concept by position only			pending_review		
bp3d:FJ2614	Distal part of jejunum	FMA16983	UNKNOWN	anatomical entity > physical anatomical entity > material anatomical entity > anatomical structure > cardinal organ part > organ region > organ zone > zone of small intestine > zone of jejunum > distal part of jejunum	no tissue-stating node anywhere in the IS-A chain; BP3D types this concept by position only			pending_review		
bp3d:FJ2615	Distal part of jejunum	FMA16983	UNKNOWN	anatomical entity > physical anatomical entity > material anatomical entity > anatomical structure > cardinal organ part > organ region > organ zone > zone of small intestine > zone of jejunum > distal part of jejunum	no tissue-stating node anywhere in the IS-A chain; BP3D types this concept by position only			pending_review		
bp3d:FJ2616	Distal part of jejunum	FMA16983	UNKNOWN	anatomical entity > physical anatomical entity > material anatomical entity > anatomical structure > cardinal organ part > organ region > organ zone > zone of small intestine > zone of jejunum > distal part of jejunum	no tissue-stating node anywhere in the IS-A chain; BP3D types this concept by position only			pending_review		
bp3d:FJ2617	Proximal part of jejunum	FMA16981	UNKNOWN	anatomical entity > physical anatomical entity > material anatomical entity > anatomical structure > cardinal organ part > organ region > organ zone > zone of small intestine > zone of jejunum > proximal part of jejunum	no tissue-stating node anywhere in the IS-A chain; BP3D types this concept by position only			pending_review		
bp3d:FJ2618	Distal part of jejunum	FMA16983	UNKNOWN	anatomical entity > physical anatomical entity > material anatomical entity > anatomical structure > cardinal organ part > organ region > organ zone > zone of small intestine > zone of jejunum > distal part of jejunum	no tissue-stating node anywhere in the IS-A chain; BP3D types this concept by position only			pending_review		
bp3d:FJ2619	Distal part of jejunum	FMA16983	UNKNOWN	anatomical entity > physical anatomical entity > material anatomical entity > anatomical structure > cardinal organ part > organ region > organ zone > zone of small intestine > zone of jejunum > distal part of jejunum	no tissue-stating node anywhere in the IS-A chain; BP3D types this concept by position only			pending_review		
bp3d:FJ2620	Distal part of jejunum	FMA16983	UNKNOWN	anatomical entity > physical anatomical entity > material anatomical entity > anatomical structure > cardinal organ part > organ region > organ zone > zone of small intestine > zone of jejunum > distal part of jejunum	no tissue-stating node anywhere in the IS-A chain; BP3D types this concept by position only			pending_review		
bp3d:FJ2621	Distal part of jejunum	FMA16983	UNKNOWN	anatomical entity > physical anatomical entity > material anatomical entity > anatomical structure > cardinal organ part > organ region > organ zone > zone of small intestine > zone of jejunum > distal part of jejunum	no tissue-stating node anywhere in the IS-A chain; BP3D types this concept by position only			pending_review		
bp3d:FJ2622	Proximal part of jejunum	FMA16981	UNKNOWN	anatomical entity > physical anatomical entity > material anatomical entity > anatomical structure > cardinal organ part > organ region > organ zone > zone of small intestine > zone of jejunum > proximal part of jejunum	no tissue-stating node anywhere in the IS-A chain; BP3D types this concept by position only			pending_review		
bp3d:FJ2623	Proximal part of jejunum	FMA16981	UNKNOWN	anatomical entity > physical anatomical entity > material anatomical entity > anatomical structure > cardinal organ part > organ region > organ zone > zone of small intestine > zone of jejunum > proximal part of jejunum	no tissue-stating node anywhere in the IS-A chain; BP3D types this concept by position only			pending_review		
bp3d:FJ2624	Proximal part of jejunum	FMA16981	UNKNOWN	anatomical entity > physical anatomical entity > material anatomical entity > anatomical structure > cardinal organ part > organ region > organ zone > zone of small intestine > zone of jejunum > proximal part of jejunum	no tissue-stating node anywhere in the IS-A chain; BP3D types this concept by position only			pending_review		
bp3d:FJ2625	Proximal part of jejunum	FMA16981	UNKNOWN	anatomical entity > physical anatomical entity > material anatomical entity > anatomical structure > cardinal organ part > organ region > organ zone > zone of small intestine > zone of jejunum > proximal part of jejunum	no tissue-stating node anywhere in the IS-A chain; BP3D types this concept by position only			pending_review		
bp3d:FJ2626	Proximal part of jejunum	FMA16981	UNKNOWN	anatomical entity > physical anatomical entity > material anatomical entity > anatomical structure > cardinal organ part > organ region > organ zone > zone of small intestine > zone of jejunum > proximal part of jejunum	no tissue-stating node anywhere in the IS-A chain; BP3D types this concept by position only			pending_review		
bp3d:FJ2627	Proximal part of jejunum	FMA16981	UNKNOWN	anatomical entity > physical anatomical entity > material anatomical entity > anatomical structure > cardinal organ part > organ region > organ zone > zone of small intestine > zone of jejunum > proximal part of jejunum	no tissue-stating node anywhere in the IS-A chain; BP3D types this concept by position only			pending_review		
bp3d:FJ2628	Middle part of jejunum	FMA16982	UNKNOWN	anatomical entity > physical anatomical entity > material anatomical entity > anatomical structure > cardinal organ part > organ region > organ zone > zone of small intestine > zone of jejunum > middle part of jejunum	no tissue-stating node anywhere in the IS-A chain; BP3D types this concept by position only			pending_review		
bp3d:FJ2744	Left pterygomandibular raphe	FMA55620	UNKNOWN	anatomical entity > physical anatomical entity > immaterial anatomical entity > anatomical boundary entity > anatomical line > pterygomandibular raphe > left pterygomandibular raphe	no tissue-stating node anywhere in the IS-A chain; BP3D types this concept by position only			pending_review		
bp3d:FJ2749	Pharyngeal raphe	FMA55077	UNKNOWN	anatomical entity > physical anatomical entity > immaterial anatomical entity > anatomical boundary entity > anatomical line > pharyngeal raphe	no tissue-stating node anywhere in the IS-A chain; BP3D types this concept by position only			pending_review		
bp3d:FJ2756	Right pterygomandibular raphe	FMA55619	UNKNOWN	anatomical entity > physical anatomical entity > immaterial anatomical entity > anatomical boundary entity > anatomical line > pterygomandibular raphe > right pterygomandibular raphe	no tissue-stating node anywhere in the IS-A chain; BP3D types this concept by position only			pending_review		
bp3d:FJ2761	Tongue	FMA54640	UNKNOWN	anatomical entity > physical anatomical entity > material anatomical entity > anatomical structure > anatomical cluster > heterogeneous cluster > tongue	no tissue-stating node anywhere in the IS-A chain; BP3D types this concept by position only			pending_review		
bp3d:FJ2770	Epiglottis	FMA55130	UNKNOWN	anatomical entity > physical anatomical entity > material anatomical entity > anatomical structure > anatomical cluster > heterogeneous cluster > subdivision of pharynx > subdivision of laryngopharynx > epiglottis	no tissue-stating node anywhere in the IS-A chain; BP3D types this concept by position only			pending_review		
bp3d:FJ2811	External ear	FMA52781	UNKNOWN	anatomical entity > physical anatomical entity > material anatomical entity > anatomical structure > subdivision of cardinal body part > subdivision of head > subdivision of head proper > subdivision of auriculotemporal part of head > external ear	no tissue-stating node anywhere in the IS-A chain; BP3D types this concept by position only			pending_review		
bp3d:FJ2814	Lip	FMA59816	UNKNOWN	anatomical entity > physical anatomical entity > material anatomical entity > anatomical structure > subdivision of cardinal body part > subdivision of head > subdivision of face > subdivision of mouth > lip	no tissue-stating node anywhere in the IS-A chain; BP3D types this concept by position only			pending_review		
bp3d:FJ3132	Corpus cavernosum of penis	FMA19618	UNKNOWN	anatomical entity > physical anatomical entity > material anatomical entity > anatomical structure > cardinal organ part > organ region > organ zone > zone of cavernous organ > corpus cavernosum of penis	no tissue-stating node anywhere in the IS-A chain; BP3D types this concept by position only			pending_review		
bp3d:FJ3134	Glans penis	FMA18247	UNKNOWN	anatomical entity > physical anatomical entity > material anatomical entity > anatomical structure > cardinal organ part > organ region > organ zone > zone of cavernous organ > zone of corpus spongiosum of penis > glans penis	no tissue-stating node anywhere in the IS-A chain; BP3D types this concept by position only			pending_review		
bp3d:FJ3396	Mesentery of small intestine	FMA14643	UNKNOWN	anatomical entity > physical anatomical entity > material anatomical entity > anatomical structure > cardinal organ part > region of organ component > region of serous membrane > region of peritoneum > region of visceral peritoneum > peritoneal mesentery > mesentery of small intestine	no tissue-stating node anywhere in the IS-A chain; BP3D types this concept by position only			pending_review		
bp3d:FJ3397	Mesoappendix	FMA16549	UNKNOWN	anatomical entity > physical anatomical entity > material anatomical entity > anatomical structure > cardinal organ part > region of organ component > region of serous membrane > region of peritoneum > region of visceral peritoneum > peritoneal mesentery > mesentery of large intestine > mesoappendix	no tissue-stating node anywhere in the IS-A chain; BP3D types this concept by position only			pending_review		
bp3d:FJ3398	Transverse mesocolon	FMA14647	UNKNOWN	anatomical entity > physical anatomical entity > material anatomical entity > anatomical structure > cardinal organ part > region of organ component > region of serous membrane > region of peritoneum > region of visceral peritoneum > peritoneal mesentery > mesentery of large intestine > transverse mesocolon	no tissue-stating node anywhere in the IS-A chain; BP3D types this concept by position only			pending_review		
